elapsed time,model,hidden_layer,heads,key,value,encoder,batch,train_loss,val_loss,accuracy,macro_precision,macro_recall,macro_f1,weighted_f1,weighted_precision,weighted_recall,precision_class_0,precision_class_1,precision_class_2,precision_class_3,precision_class_4,precision_class_5,precision_class_6,precision_class_7,precision_class_8,recall_class_0,recall_class_1,recall_class_2,recall_class_3,recall_class_4,recall_class_5,recall_class_6,recall_class_7,recall_class_8,f1_class_0,f1_class_1,f1_class_2,f1_class_3,f1_class_4,f1_class_5,f1_class_6,f1_class_7,f1_class_8,support_class_0,support_class_1,support_class_2,support_class_3,support_class_4,support_class_5,support_class_6,support_class_7,support_class_8
436.2238509654999,256,512,8,256,256,6,32,0.4699599000207384,0.3518173750307338,0.9014992211838007,0.6779197305536968,0.5565159708633465,0.6061202483640385,0.8957546773163246,0.8932858234108835,0.9014992211838007,0.9402799729058479,0.6972193614830072,0.697566628041715,0.6207759699624531,0.5091926458832934,0.8251150558842867,0.5010351966873706,0.6717948717948717,0.6382978723404256,0.9739925626213252,0.5048471290082028,0.6529284164859002,0.5385450597176982,0.48737566947207345,0.6831790963527491,0.322237017310253,0.3786127167630058,0.4669260700389105,0.9568394085953565,0.5856401384083045,0.6745098039215687,0.5767441860465117,0.4980453479280688,0.7474687313877308,0.39222042139384117,0.48428835489833644,0.5393258426966292,42757,1341,922,1842,1307,1837,751,346,257
